{"stats":{"minecraft:killed":{"minecraft:sheep":1},"minecraft:dropped":{"minecraft:warden_spawn_egg":1,"minecraft:mutton":1,"minecraft:white_wool":1},"minecraft:mined":{"minecraft:oak_leaves":1,"minecraft:fern":1},"minecraft:custom":{"minecraft:time_since_rest":4740,"minecraft:play_time":4740,"minecraft:sprint_one_cm":5476,"minecraft:damage_taken":138,"minecraft:walk_one_cm":4173,"minecraft:sneak_time":44,"minecraft:mob_kills":1,"minecraft:drop":3,"minecraft:jump":93,"minecraft:damage_dealt":196,"minecraft:walk_on_water_one_cm":1751,"minecraft:time_since_death":4740,"minecraft:total_world_time":4740,"minecraft:climb_one_cm":710,"minecraft:fly_one_cm":105085,"minecraft:fall_one_cm":4017,"minecraft:open_chest":6},"minecraft:used":{"minecraft:warden_spawn_egg":2,"minecraft:calibrated_sculk_sensor":1},"minecraft:picked_up":{"minecraft:mutton":1,"minecraft:white_wool":1}},"DataVersion":3465}