{"stats":{"minecraft:used":{"minecraft:dirt":2},"minecraft:custom":{"minecraft:jump":27,"minecraft:time_since_rest":4547,"minecraft:walk_on_water_one_cm":189,"minecraft:sprint_one_cm":1876,"minecraft:play_time":4547,"minecraft:damage_taken":130,"minecraft:time_since_death":4547,"minecraft:walk_one_cm":1051,"minecraft:climb_one_cm":284,"minecraft:total_world_time":4547,"minecraft:walk_under_water_one_cm":418,"minecraft:swim_one_cm":4393,"minecraft:fall_one_cm":2809,"minecraft:fly_one_cm":14254},"minecraft:mined":{"minecraft:grass_block":2,"minecraft:oak_leaves":7},"minecraft:picked_up":{"minecraft:dirt":2}},"DataVersion":3465}