{"stats":{"minecraft:killed":{"minecraft:zombie":1},"minecraft:dropped":{"minecraft:rotten_flesh":2},"minecraft:mined":{"minecraft:grass_block":2,"minecraft:oak_leaves":7},"minecraft:custom":{"minecraft:open_chest":6,"minecraft:time_since_rest":23538,"minecraft:crouch_one_cm":222,"minecraft:sprint_one_cm":2674,"minecraft:play_time":23538,"minecraft:damage_taken":130,"minecraft:walk_one_cm":6604,"minecraft:sneak_time":436,"minecraft:walk_under_water_one_cm":418,"minecraft:mob_kills":1,"minecraft:drop":2,"minecraft:jump":79,"minecraft:damage_dealt":334,"minecraft:leave_game":2,"minecraft:walk_on_water_one_cm":1957,"minecraft:time_since_death":23538,"minecraft:climb_one_cm":384,"minecraft:total_world_time":23538,"minecraft:swim_one_cm":4393,"minecraft:fall_one_cm":2809,"minecraft:fly_one_cm":170327},"minecraft:used":{"minecraft:dirt":2},"minecraft:picked_up":{"minecraft:rotten_flesh":2,"minecraft:dirt":2,"minecraft:stone_pressure_plate":1}},"DataVersion":3465}